Language,Voice type,Language code,Voice name,SSML Gender,Sample
Afrikaans (South Africa),Standard,af-ZA,af-ZA-Standard-A,FEMALE,Your browser does not support the audio element.
Arabic,Standard,ar-XA,ar-XA-Standard-A,FEMALE,Your browser does not support the audio element.
Arabic,Standard,ar-XA,ar-XA-Standard-B,MALE,Your browser does not support the audio element.
Arabic,Standard,ar-XA,ar-XA-Standard-C,MALE,Your browser does not support the audio element.
Arabic,Standard,ar-XA,ar-XA-Standard-D,FEMALE,Your browser does not support the audio element.
Arabic,WaveNet,ar-XA,ar-XA-Wavenet-A,FEMALE,Your browser does not support the audio element.
Arabic,WaveNet,ar-XA,ar-XA-Wavenet-B,MALE,Your browser does not support the audio element.
Arabic,WaveNet,ar-XA,ar-XA-Wavenet-C,MALE,Your browser does not support the audio element.
Arabic,WaveNet,ar-XA,ar-XA-Wavenet-D,FEMALE,Your browser does not support the audio element.
Bengali (India),Standard,bn-IN,bn-IN-Standard-A,FEMALE,Your browser does not support the audio element.
Bengali (India),Standard,bn-IN,bn-IN-Standard-B,MALE,Your browser does not support the audio element.
Bengali (India),WaveNet,bn-IN,bn-IN-Wavenet-A,FEMALE,Your browser does not support the audio element.
Bengali (India),WaveNet,bn-IN,bn-IN-Wavenet-B,MALE,Your browser does not support the audio element.
Bulgarian (Bulgaria),Standard,bg-BG,bg-bg-Standard-A,FEMALE,Your browser does not support the audio element.
Catalan (Spain),Standard,ca-ES,ca-es-Standard-A,FEMALE,Your browser does not support the audio element.
Chinese (Hong Kong),Standard,yue-HK,yue-HK-Standard-A,FEMALE,Your browser does not support the audio element.
Chinese (Hong Kong),Standard,yue-HK,yue-HK-Standard-B,MALE,Your browser does not support the audio element.
Chinese (Hong Kong),Standard,yue-HK,yue-HK-Standard-C,FEMALE,Your browser does not support the audio element.
Chinese (Hong Kong),Standard,yue-HK,yue-HK-Standard-D,MALE,Your browser does not support the audio element.
Czech (Czech Republic),Standard,cs-CZ,cs-CZ-Standard-A,FEMALE,Your browser does not support the audio element.
Czech (Czech Republic),WaveNet,cs-CZ,cs-CZ-Wavenet-A,FEMALE,Your browser does not support the audio element.
Danish (Denmark),Standard,da-DK,da-DK-Standard-A,FEMALE,Your browser does not support the audio element.
Danish (Denmark),Standard,da-DK,da-DK-Standard-C,MALE,Your browser does not support the audio element.
Danish (Denmark),Standard,da-DK,da-DK-Standard-D,FEMALE,Your browser does not support the audio element.
Danish (Denmark),Standard,da-DK,da-DK-Standard-E,FEMALE,Your browser does not support the audio element.
Danish (Denmark),WaveNet,da-DK,da-DK-Wavenet-A,FEMALE,Your browser does not support the audio element.
Danish (Denmark),WaveNet,da-DK,da-DK-Wavenet-C,MALE,Your browser does not support the audio element.
Danish (Denmark),WaveNet,da-DK,da-DK-Wavenet-D,FEMALE,Your browser does not support the audio element.
Danish (Denmark),WaveNet,da-DK,da-DK-Wavenet-E,FEMALE,Your browser does not support the audio element.
Dutch (Belgium),Standard,nl-BE,nl-BE-Standard-A,FEMALE,Your browser does not support the audio element.
Dutch (Belgium),Standard,nl-BE,nl-BE-Standard-B,MALE,Your browser does not support the audio element.
Dutch (Belgium),WaveNet,nl-BE,nl-BE-Wavenet-A,FEMALE,Your browser does not support the audio element.
Dutch (Belgium),WaveNet,nl-BE,nl-BE-Wavenet-B,MALE,Your browser does not support the audio element.
Dutch (Netherlands),Standard,nl-NL,nl-NL-Standard-A,FEMALE,Your browser does not support the audio element.
Dutch (Netherlands),Standard,nl-NL,nl-NL-Standard-B,MALE,Your browser does not support the audio element.
Dutch (Netherlands),Standard,nl-NL,nl-NL-Standard-C,MALE,Your browser does not support the audio element.
Dutch (Netherlands),Standard,nl-NL,nl-NL-Standard-D,FEMALE,Your browser does not support the audio element.
Dutch (Netherlands),Standard,nl-NL,nl-NL-Standard-E,FEMALE,Your browser does not support the audio element.
Dutch (Netherlands),WaveNet,nl-NL,nl-NL-Wavenet-A,FEMALE,Your browser does not support the audio element.
Dutch (Netherlands),WaveNet,nl-NL,nl-NL-Wavenet-B,MALE,Your browser does not support the audio element.
Dutch (Netherlands),WaveNet,nl-NL,nl-NL-Wavenet-C,MALE,Your browser does not support the audio element.
Dutch (Netherlands),WaveNet,nl-NL,nl-NL-Wavenet-D,FEMALE,Your browser does not support the audio element.
Dutch (Netherlands),WaveNet,nl-NL,nl-NL-Wavenet-E,FEMALE,Your browser does not support the audio element.
English (Australia),Standard,en-AU,en-AU-Standard-A,FEMALE,Your browser does not support the audio element.
English (Australia),Standard,en-AU,en-AU-Standard-B,MALE,Your browser does not support the audio element.
English (Australia),Standard,en-AU,en-AU-Standard-C,FEMALE,Your browser does not support the audio element.
English (Australia),Standard,en-AU,en-AU-Standard-D,MALE,Your browser does not support the audio element.
English (Australia),WaveNet,en-AU,en-AU-Wavenet-A,FEMALE,Your browser does not support the audio element.
English (Australia),WaveNet,en-AU,en-AU-Wavenet-B,MALE,Your browser does not support the audio element.
English (Australia),WaveNet,en-AU,en-AU-Wavenet-C,FEMALE,Your browser does not support the audio element.
English (Australia),WaveNet,en-AU,en-AU-Wavenet-D,MALE,Your browser does not support the audio element.
English (India),Standard,en-IN,en-IN-Standard-A,FEMALE,Your browser does not support the audio element.
English (India),Standard,en-IN,en-IN-Standard-B,MALE,Your browser does not support the audio element.
English (India),Standard,en-IN,en-IN-Standard-C,MALE,Your browser does not support the audio element.
English (India),Standard,en-IN,en-IN-Standard-D,FEMALE,Your browser does not support the audio element.
English (India),WaveNet,en-IN,en-IN-Wavenet-A,FEMALE,Your browser does not support the audio element.
English (India),WaveNet,en-IN,en-IN-Wavenet-B,MALE,Your browser does not support the audio element.
English (India),WaveNet,en-IN,en-IN-Wavenet-C,MALE,Your browser does not support the audio element.
English (India),WaveNet,en-IN,en-IN-Wavenet-D,FEMALE,Your browser does not support the audio element.
English (UK),Standard,en-GB,en-GB-Standard-A,FEMALE,Your browser does not support the audio element.
English (UK),Standard,en-GB,en-GB-Standard-B,MALE,Your browser does not support the audio element.
English (UK),Standard,en-GB,en-GB-Standard-C,FEMALE,Your browser does not support the audio element.
English (UK),Standard,en-GB,en-GB-Standard-D,MALE,Your browser does not support the audio element.
English (UK),Standard,en-GB,en-GB-Standard-F,FEMALE,Your browser does not support the audio element.
English (UK),WaveNet,en-GB,en-GB-Wavenet-A,FEMALE,Your browser does not support the audio element.
English (UK),WaveNet,en-GB,en-GB-Wavenet-B,MALE,Your browser does not support the audio element.
English (UK),WaveNet,en-GB,en-GB-Wavenet-C,FEMALE,Your browser does not support the audio element.
English (UK),WaveNet,en-GB,en-GB-Wavenet-D,MALE,Your browser does not support the audio element.
English (UK),WaveNet,en-GB,en-GB-Wavenet-F,FEMALE,Your browser does not support the audio element.
English (US),Standard,en-US,en-US-Standard-A,MALE,Your browser does not support the audio element.
English (US),Standard,en-US,en-US-Standard-B,MALE,Your browser does not support the audio element.
English (US),Standard,en-US,en-US-Standard-C,FEMALE,Your browser does not support the audio element.
English (US),Standard,en-US,en-US-Standard-D,MALE,Your browser does not support the audio element.
English (US),Standard,en-US,en-US-Standard-E,FEMALE,Your browser does not support the audio element.
English (US),Standard,en-US,en-US-Standard-F,FEMALE,Your browser does not support the audio element.
English (US),Standard,en-US,en-US-Standard-G,FEMALE,Your browser does not support the audio element.
English (US),Standard,en-US,en-US-Standard-H,FEMALE,Your browser does not support the audio element.
English (US),Standard,en-US,en-US-Standard-I,MALE,Your browser does not support the audio element.
English (US),Standard,en-US,en-US-Standard-J,MALE,Your browser does not support the audio element.
English (US),WaveNet,en-US,en-US-Wavenet-A,MALE,Your browser does not support the audio element.
English (US),WaveNet,en-US,en-US-Wavenet-B,MALE,Your browser does not support the audio element.
English (US),WaveNet,en-US,en-US-Wavenet-C,FEMALE,Your browser does not support the audio element.
English (US),WaveNet,en-US,en-US-Wavenet-D,MALE,Your browser does not support the audio element.
English (US),WaveNet,en-US,en-US-Wavenet-E,FEMALE,Your browser does not support the audio element.
English (US),WaveNet,en-US,en-US-Wavenet-F,FEMALE,Your browser does not support the audio element.
English (US),WaveNet,en-US,en-US-Wavenet-G,FEMALE,Your browser does not support the audio element.
English (US),WaveNet,en-US,en-US-Wavenet-H,FEMALE,Your browser does not support the audio element.
English (US),WaveNet,en-US,en-US-Wavenet-I,MALE,Your browser does not support the audio element.
English (US),WaveNet,en-US,en-US-Wavenet-J,MALE,Your browser does not support the audio element.
Filipino (Philippines),Standard,fil-PH,fil-PH-Standard-A,FEMALE,Your browser does not support the audio element.
Filipino (Philippines),Standard,fil-PH,fil-PH-Standard-B,FEMALE,Your browser does not support the audio element.
Filipino (Philippines),Standard,fil-PH,fil-PH-Standard-C,MALE,Your browser does not support the audio element.
Filipino (Philippines),Standard,fil-PH,fil-PH-Standard-D,MALE,Your browser does not support the audio element.
Filipino (Philippines),WaveNet,fil-PH,fil-PH-Wavenet-A,FEMALE,Your browser does not support the audio element.
Filipino (Philippines),WaveNet,fil-PH,fil-PH-Wavenet-B,FEMALE,Your browser does not support the audio element.
Filipino (Philippines),WaveNet,fil-PH,fil-PH-Wavenet-C,MALE,Your browser does not support the audio element.
Filipino (Philippines),WaveNet,fil-PH,fil-PH-Wavenet-D,MALE,Your browser does not support the audio element.
Finnish (Finland),Standard,fi-FI,fi-FI-Standard-A,FEMALE,Your browser does not support the audio element.
Finnish (Finland),WaveNet,fi-FI,fi-FI-Wavenet-A,FEMALE,Your browser does not support the audio element.
French (Canada),Standard,fr-CA,fr-CA-Standard-A,FEMALE,Your browser does not support the audio element.
French (Canada),Standard,fr-CA,fr-CA-Standard-B,MALE,Your browser does not support the audio element.
French (Canada),Standard,fr-CA,fr-CA-Standard-C,FEMALE,Your browser does not support the audio element.
French (Canada),Standard,fr-CA,fr-CA-Standard-D,MALE,Your browser does not support the audio element.
French (Canada),WaveNet,fr-CA,fr-CA-Wavenet-A,FEMALE,Your browser does not support the audio element.
French (Canada),WaveNet,fr-CA,fr-CA-Wavenet-B,MALE,Your browser does not support the audio element.
French (Canada),WaveNet,fr-CA,fr-CA-Wavenet-C,FEMALE,Your browser does not support the audio element.
French (Canada),WaveNet,fr-CA,fr-CA-Wavenet-D,MALE,Your browser does not support the audio element.
French (France),Standard,fr-FR,fr-FR-Standard-A,FEMALE,Your browser does not support the audio element.
French (France),Standard,fr-FR,fr-FR-Standard-B,MALE,Your browser does not support the audio element.
French (France),Standard,fr-FR,fr-FR-Standard-C,FEMALE,Your browser does not support the audio element.
French (France),Standard,fr-FR,fr-FR-Standard-D,MALE,Your browser does not support the audio element.
French (France),Standard,fr-FR,fr-FR-Standard-E,FEMALE,Your browser does not support the audio element.
French (France),WaveNet,fr-FR,fr-FR-Wavenet-A,FEMALE,Your browser does not support the audio element.
French (France),WaveNet,fr-FR,fr-FR-Wavenet-B,MALE,Your browser does not support the audio element.
French (France),WaveNet,fr-FR,fr-FR-Wavenet-C,FEMALE,Your browser does not support the audio element.
French (France),WaveNet,fr-FR,fr-FR-Wavenet-D,MALE,Your browser does not support the audio element.
French (France),WaveNet,fr-FR,fr-FR-Wavenet-E,FEMALE,Your browser does not support the audio element.
German (Germany),Standard,de-DE,de-DE-Standard-A,FEMALE,Your browser does not support the audio element.
German (Germany),Standard,de-DE,de-DE-Standard-B,MALE,Your browser does not support the audio element.
German (Germany),Standard,de-DE,de-DE-Standard-C,FEMALE,Your browser does not support the audio element.
German (Germany),Standard,de-DE,de-DE-Standard-D,MALE,Your browser does not support the audio element.
German (Germany),Standard,de-DE,de-DE-Standard-E,MALE,Your browser does not support the audio element.
German (Germany),Standard,de-DE,de-DE-Standard-F,FEMALE,Your browser does not support the audio element.
German (Germany),WaveNet,de-DE,de-DE-Wavenet-A,FEMALE,Your browser does not support the audio element.
German (Germany),WaveNet,de-DE,de-DE-Wavenet-B,MALE,Your browser does not support the audio element.
German (Germany),WaveNet,de-DE,de-DE-Wavenet-C,FEMALE,Your browser does not support the audio element.
German (Germany),WaveNet,de-DE,de-DE-Wavenet-D,MALE,Your browser does not support the audio element.
German (Germany),WaveNet,de-DE,de-DE-Wavenet-E,MALE,Your browser does not support the audio element.
German (Germany),WaveNet,de-DE,de-DE-Wavenet-F,FEMALE,Your browser does not support the audio element.
Greek (Greece),Standard,el-GR,el-GR-Standard-A,FEMALE,Your browser does not support the audio element.
Greek (Greece),WaveNet,el-GR,el-GR-Wavenet-A,FEMALE,Your browser does not support the audio element.
Gujarati (India),Standard,gu-IN,gu-IN-Standard-A,FEMALE,Your browser does not support the audio element.
Gujarati (India),Standard,gu-IN,gu-IN-Standard-B,MALE,Your browser does not support the audio element.
Gujarati (India),WaveNet,gu-IN,gu-IN-Wavenet-A,FEMALE,Your browser does not support the audio element.
Gujarati (India),WaveNet,gu-IN,gu-IN-Wavenet-B,MALE,Your browser does not support the audio element.
Hindi (India),Standard,hi-IN,hi-IN-Standard-A,FEMALE,Your browser does not support the audio element.
Hindi (India),Standard,hi-IN,hi-IN-Standard-B,MALE,Your browser does not support the audio element.
Hindi (India),Standard,hi-IN,hi-IN-Standard-C,MALE,Your browser does not support the audio element.
Hindi (India),Standard,hi-IN,hi-IN-Standard-D,FEMALE,Your browser does not support the audio element.
Hindi (India),WaveNet,hi-IN,hi-IN-Wavenet-A,FEMALE,Your browser does not support the audio element.
Hindi (India),WaveNet,hi-IN,hi-IN-Wavenet-B,MALE,Your browser does not support the audio element.
Hindi (India),WaveNet,hi-IN,hi-IN-Wavenet-C,MALE,Your browser does not support the audio element.
Hindi (India),WaveNet,hi-IN,hi-IN-Wavenet-D,FEMALE,Your browser does not support the audio element.
Hungarian (Hungary),Standard,hu-HU,hu-HU-Standard-A,FEMALE,Your browser does not support the audio element.
Hungarian (Hungary),WaveNet,hu-HU,hu-HU-Wavenet-A,FEMALE,Your browser does not support the audio element.
Icelandic (Iceland),Standard,is-IS,is-is-Standard-A,FEMALE,Your browser does not support the audio element.
Indonesian (Indonesia),Standard,id-ID,id-ID-Standard-A,FEMALE,Your browser does not support the audio element.
Indonesian (Indonesia),Standard,id-ID,id-ID-Standard-B,MALE,Your browser does not support the audio element.
Indonesian (Indonesia),Standard,id-ID,id-ID-Standard-C,MALE,Your browser does not support the audio element.
Indonesian (Indonesia),Standard,id-ID,id-ID-Standard-D,FEMALE,Your browser does not support the audio element.
Indonesian (Indonesia),WaveNet,id-ID,id-ID-Wavenet-A,FEMALE,Your browser does not support the audio element.
Indonesian (Indonesia),WaveNet,id-ID,id-ID-Wavenet-B,MALE,Your browser does not support the audio element.
Indonesian (Indonesia),WaveNet,id-ID,id-ID-Wavenet-C,MALE,Your browser does not support the audio element.
Indonesian (Indonesia),WaveNet,id-ID,id-ID-Wavenet-D,FEMALE,Your browser does not support the audio element.
Italian (Italy),Standard,it-IT,it-IT-Standard-A,FEMALE,Your browser does not support the audio element.
Italian (Italy),Standard,it-IT,it-IT-Standard-B,FEMALE,Your browser does not support the audio element.
Italian (Italy),Standard,it-IT,it-IT-Standard-C,MALE,Your browser does not support the audio element.
Italian (Italy),Standard,it-IT,it-IT-Standard-D,MALE,Your browser does not support the audio element.
Italian (Italy),WaveNet,it-IT,it-IT-Wavenet-A,FEMALE,Your browser does not support the audio element.
Italian (Italy),WaveNet,it-IT,it-IT-Wavenet-B,FEMALE,Your browser does not support the audio element.
Italian (Italy),WaveNet,it-IT,it-IT-Wavenet-C,MALE,Your browser does not support the audio element.
Italian (Italy),WaveNet,it-IT,it-IT-Wavenet-D,MALE,Your browser does not support the audio element.
Japanese (Japan),Standard,ja-JP,ja-JP-Standard-A,FEMALE,Your browser does not support the audio element.
Japanese (Japan),Standard,ja-JP,ja-JP-Standard-B,FEMALE,Your browser does not support the audio element.
Japanese (Japan),Standard,ja-JP,ja-JP-Standard-C,MALE,Your browser does not support the audio element.
Japanese (Japan),Standard,ja-JP,ja-JP-Standard-D,MALE,Your browser does not support the audio element.
Japanese (Japan),WaveNet,ja-JP,ja-JP-Wavenet-A,FEMALE,Your browser does not support the audio element.
Japanese (Japan),WaveNet,ja-JP,ja-JP-Wavenet-B,FEMALE,Your browser does not support the audio element.
Japanese (Japan),WaveNet,ja-JP,ja-JP-Wavenet-C,MALE,Your browser does not support the audio element.
Japanese (Japan),WaveNet,ja-JP,ja-JP-Wavenet-D,MALE,Your browser does not support the audio element.
Kannada (India),Standard,kn-IN,kn-IN-Standard-A,FEMALE,Your browser does not support the audio element.
Kannada (India),Standard,kn-IN,kn-IN-Standard-B,MALE,Your browser does not support the audio element.
Kannada (India),WaveNet,kn-IN,kn-IN-Wavenet-A,FEMALE,Your browser does not support the audio element.
Kannada (India),WaveNet,kn-IN,kn-IN-Wavenet-B,MALE,Your browser does not support the audio element.
Korean (South Korea),Standard,ko-KR,ko-KR-Standard-A,FEMALE,Your browser does not support the audio element.
Korean (South Korea),Standard,ko-KR,ko-KR-Standard-B,FEMALE,Your browser does not support the audio element.
Korean (South Korea),Standard,ko-KR,ko-KR-Standard-C,MALE,Your browser does not support the audio element.
Korean (South Korea),Standard,ko-KR,ko-KR-Standard-D,MALE,Your browser does not support the audio element.
Korean (South Korea),WaveNet,ko-KR,ko-KR-Wavenet-A,FEMALE,Your browser does not support the audio element.
Korean (South Korea),WaveNet,ko-KR,ko-KR-Wavenet-B,FEMALE,Your browser does not support the audio element.
Korean (South Korea),WaveNet,ko-KR,ko-KR-Wavenet-C,MALE,Your browser does not support the audio element.
Korean (South Korea),WaveNet,ko-KR,ko-KR-Wavenet-D,MALE,Your browser does not support the audio element.
Latvian (Latvia),Standard,lv-LV,lv-lv-Standard-A,MALE,Your browser does not support the audio element.
Malay (Malaysia),Standard,ms-MY,ms-MY-Standard-A,FEMALE,Your browser does not support the audio element.
Malay (Malaysia),Standard,ms-MY,ms-MY-Standard-B,MALE,Your browser does not support the audio element.
Malay (Malaysia),Standard,ms-MY,ms-MY-Standard-C,FEMALE,Your browser does not support the audio element.
Malay (Malaysia),Standard,ms-MY,ms-MY-Standard-D,MALE,Your browser does not support the audio element.
Malay (Malaysia),WaveNet,ms-MY,ms-MY-Wavenet-A,FEMALE,Your browser does not support the audio element.
Malay (Malaysia),WaveNet,ms-MY,ms-MY-Wavenet-B,MALE,Your browser does not support the audio element.
Malay (Malaysia),WaveNet,ms-MY,ms-MY-Wavenet-C,FEMALE,Your browser does not support the audio element.
Malay (Malaysia),WaveNet,ms-MY,ms-MY-Wavenet-D,MALE,Your browser does not support the audio element.
Malayalam (India),Standard,ml-IN,ml-IN-Standard-A,FEMALE,Your browser does not support the audio element.
Malayalam (India),Standard,ml-IN,ml-IN-Standard-B,MALE,Your browser does not support the audio element.
Malayalam (India),WaveNet,ml-IN,ml-IN-Wavenet-A,FEMALE,Your browser does not support the audio element.
Malayalam (India),WaveNet,ml-IN,ml-IN-Wavenet-B,MALE,Your browser does not support the audio element.
Mandarin Chinese,Standard,cmn-CN,cmn-CN-Standard-A,FEMALE,Your browser does not support the audio element.
Mandarin Chinese,Standard,cmn-CN,cmn-CN-Standard-B,MALE,Your browser does not support the audio element.
Mandarin Chinese,Standard,cmn-CN,cmn-CN-Standard-C,MALE,Your browser does not support the audio element.
Mandarin Chinese,Standard,cmn-CN,cmn-CN-Standard-D,FEMALE,Your browser does not support the audio element.
Mandarin Chinese,WaveNet,cmn-CN,cmn-CN-Wavenet-A,FEMALE,Your browser does not support the audio element.
Mandarin Chinese,WaveNet,cmn-CN,cmn-CN-Wavenet-B,MALE,Your browser does not support the audio element.
Mandarin Chinese,WaveNet,cmn-CN,cmn-CN-Wavenet-C,MALE,Your browser does not support the audio element.
Mandarin Chinese,WaveNet,cmn-CN,cmn-CN-Wavenet-D,FEMALE,Your browser does not support the audio element.
Mandarin Chinese,Standard,cmn-TW,cmn-TW-Standard-A,FEMALE,Your browser does not support the audio element.
Mandarin Chinese,Standard,cmn-TW,cmn-TW-Standard-B,MALE,Your browser does not support the audio element.
Mandarin Chinese,Standard,cmn-TW,cmn-TW-Standard-C,MALE,Your browser does not support the audio element.
Mandarin Chinese,WaveNet,cmn-TW,cmn-TW-Wavenet-A,FEMALE,Your browser does not support the audio element.
Mandarin Chinese,WaveNet,cmn-TW,cmn-TW-Wavenet-B,MALE,Your browser does not support the audio element.
Mandarin Chinese,WaveNet,cmn-TW,cmn-TW-Wavenet-C,MALE,Your browser does not support the audio element.
Norwegian (Norway),Standard,nb-NO,nb-NO-Standard-A,FEMALE,Your browser does not support the audio element.
Norwegian (Norway),Standard,nb-NO,nb-NO-Standard-B,MALE,Your browser does not support the audio element.
Norwegian (Norway),Standard,nb-NO,nb-NO-Standard-C,FEMALE,Your browser does not support the audio element.
Norwegian (Norway),Standard,nb-NO,nb-NO-Standard-D,MALE,Your browser does not support the audio element.
Norwegian (Norway),WaveNet,nb-NO,nb-NO-Wavenet-A,FEMALE,Your browser does not support the audio element.
Norwegian (Norway),WaveNet,nb-NO,nb-NO-Wavenet-B,MALE,Your browser does not support the audio element.
Norwegian (Norway),WaveNet,nb-NO,nb-NO-Wavenet-C,FEMALE,Your browser does not support the audio element.
Norwegian (Norway),WaveNet,nb-NO,nb-NO-Wavenet-D,MALE,Your browser does not support the audio element.
Norwegian (Norway),Standard,nb-NO,nb-no-Standard-E,FEMALE,Your browser does not support the audio element.
Norwegian (Norway),Standard,nb-NO,nb-no-Standard-E,FEMALE,Your browser does not support the audio element.
Norwegian (Norway),WaveNet,nb-NO,nb-no-Wavenet-E,FEMALE,Your browser does not support the audio element.
Polish (Poland),Standard,pl-PL,pl-PL-Standard-A,FEMALE,Your browser does not support the audio element.
Polish (Poland),Standard,pl-PL,pl-PL-Standard-B,MALE,Your browser does not support the audio element.
Polish (Poland),Standard,pl-PL,pl-PL-Standard-C,MALE,Your browser does not support the audio element.
Polish (Poland),Standard,pl-PL,pl-PL-Standard-D,FEMALE,Your browser does not support the audio element.
Polish (Poland),Standard,pl-PL,pl-PL-Standard-E,FEMALE,Your browser does not support the audio element.
Polish (Poland),WaveNet,pl-PL,pl-PL-Wavenet-A,FEMALE,Your browser does not support the audio element.
Polish (Poland),WaveNet,pl-PL,pl-PL-Wavenet-B,MALE,Your browser does not support the audio element.
Polish (Poland),WaveNet,pl-PL,pl-PL-Wavenet-C,MALE,Your browser does not support the audio element.
Polish (Poland),WaveNet,pl-PL,pl-PL-Wavenet-D,FEMALE,Your browser does not support the audio element.
Polish (Poland),WaveNet,pl-PL,pl-PL-Wavenet-E,FEMALE,Your browser does not support the audio element.
Portuguese (Brazil),Standard,pt-BR,pt-BR-Standard-A,FEMALE,Your browser does not support the audio element.
Portuguese (Brazil),Standard,pt-BR,pt-BR-Standard-B,MALE,Your browser does not support the audio element.
Portuguese (Brazil),WaveNet,pt-BR,pt-BR-Wavenet-A,FEMALE,Your browser does not support the audio element.
Portuguese (Brazil),WaveNet,pt-BR,pt-BR-Wavenet-B,MALE,Your browser does not support the audio element.
Portuguese (Portugal),Standard,pt-PT,pt-PT-Standard-A,FEMALE,Your browser does not support the audio element.
Portuguese (Portugal),Standard,pt-PT,pt-PT-Standard-B,MALE,Your browser does not support the audio element.
Portuguese (Portugal),Standard,pt-PT,pt-PT-Standard-C,MALE,Your browser does not support the audio element.
Portuguese (Portugal),Standard,pt-PT,pt-PT-Standard-D,FEMALE,Your browser does not support the audio element.
Portuguese (Portugal),WaveNet,pt-PT,pt-PT-Wavenet-A,FEMALE,Your browser does not support the audio element.
Portuguese (Portugal),WaveNet,pt-PT,pt-PT-Wavenet-B,MALE,Your browser does not support the audio element.
Portuguese (Portugal),WaveNet,pt-PT,pt-PT-Wavenet-C,MALE,Your browser does not support the audio element.
Portuguese (Portugal),WaveNet,pt-PT,pt-PT-Wavenet-D,FEMALE,Your browser does not support the audio element.
Punjabi (India),Standard,pa-IN,pa-IN-Standard-A,FEMALE,Your browser does not support the audio element.
Punjabi (India),Standard,pa-IN,pa-IN-Standard-B,MALE,Your browser does not support the audio element.
Punjabi (India),Standard,pa-IN,pa-IN-Standard-C,FEMALE,Your browser does not support the audio element.
Punjabi (India),Standard,pa-IN,pa-IN-Standard-D,MALE,Your browser does not support the audio element.
Punjabi (India),WaveNet,pa-IN,pa-IN-Wavenet-A,FEMALE,Your browser does not support the audio element.
Punjabi (India),WaveNet,pa-IN,pa-IN-Wavenet-B,MALE,Your browser does not support the audio element.
Punjabi (India),WaveNet,pa-IN,pa-IN-Wavenet-C,FEMALE,Your browser does not support the audio element.
Punjabi (India),WaveNet,pa-IN,pa-IN-Wavenet-D,MALE,Your browser does not support the audio element.
Romanian (Romania),Standard,ro-RO,ro-RO-Standard-A,FEMALE,Your browser does not support the audio element.
Romanian (Romania),WaveNet,ro-RO,ro-RO-Wavenet-A,FEMALE,Your browser does not support the audio element.
Russian (Russia),Standard,ru-RU,ru-RU-Standard-A,FEMALE,Your browser does not support the audio element.
Russian (Russia),Standard,ru-RU,ru-RU-Standard-B,MALE,Your browser does not support the audio element.
Russian (Russia),Standard,ru-RU,ru-RU-Standard-C,FEMALE,Your browser does not support the audio element.
Russian (Russia),Standard,ru-RU,ru-RU-Standard-D,MALE,Your browser does not support the audio element.
Russian (Russia),Standard,ru-RU,ru-RU-Standard-E,FEMALE,Your browser does not support the audio element.
Russian (Russia),WaveNet,ru-RU,ru-RU-Wavenet-A,FEMALE,Your browser does not support the audio element.
Russian (Russia),WaveNet,ru-RU,ru-RU-Wavenet-B,MALE,Your browser does not support the audio element.
Russian (Russia),WaveNet,ru-RU,ru-RU-Wavenet-C,FEMALE,Your browser does not support the audio element.
Russian (Russia),WaveNet,ru-RU,ru-RU-Wavenet-D,MALE,Your browser does not support the audio element.
Russian (Russia),WaveNet,ru-RU,ru-RU-Wavenet-E,FEMALE,Your browser does not support the audio element.
Serbian (Cyrillic),Standard,sr-RS,sr-rs-Standard-A,FEMALE,Your browser does not support the audio element.
Slovak (Slovakia),Standard,sk-SK,sk-SK-Standard-A,FEMALE,Your browser does not support the audio element.
Slovak (Slovakia),WaveNet,sk-SK,sk-SK-Wavenet-A,FEMALE,Your browser does not support the audio element.
Spanish (Spain),Standard,es-ES,es-ES-Standard-A,FEMALE,Your browser does not support the audio element.
Spanish (Spain),Standard,es-ES,es-ES-Standard-B,MALE,Your browser does not support the audio element.
Spanish (Spain),Standard,es-ES,es-ES-Standard-C,FEMALE,Your browser does not support the audio element.
Spanish (Spain),Standard,es-ES,es-ES-Standard-D,FEMALE,Your browser does not support the audio element.
Spanish (Spain),WaveNet,es-ES,es-ES-Wavenet-B,MALE,Your browser does not support the audio element.
Spanish (Spain),WaveNet,es-ES,es-ES-Wavenet-C,FEMALE,Your browser does not support the audio element.
Spanish (Spain),WaveNet,es-ES,es-ES-Wavenet-D,FEMALE,Your browser does not support the audio element.
Spanish (US),Standard,es-US,es-US-Standard-A,FEMALE,Your browser does not support the audio element.
Spanish (US),Standard,es-US,es-US-Standard-B,MALE,Your browser does not support the audio element.
Spanish (US),Standard,es-US,es-US-Standard-C,MALE,Your browser does not support the audio element.
Spanish (US),WaveNet,es-US,es-US-Wavenet-A,FEMALE,Your browser does not support the audio element.
Spanish (US),WaveNet,es-US,es-US-Wavenet-B,MALE,Your browser does not support the audio element.
Spanish (US),WaveNet,es-US,es-US-Wavenet-C,MALE,Your browser does not support the audio element.
Swedish (Sweden),Standard,sv-SE,sv-SE-Standard-A,FEMALE,Your browser does not support the audio element.
Swedish (Sweden),WaveNet,sv-SE,sv-SE-Wavenet-A,FEMALE,Your browser does not support the audio element.
Tamil (India),Standard,ta-IN,ta-IN-Standard-A,FEMALE,Your browser does not support the audio element.
Tamil (India),Standard,ta-IN,ta-IN-Standard-B,MALE,Your browser does not support the audio element.
Tamil (India),WaveNet,ta-IN,ta-IN-Wavenet-A,FEMALE,Your browser does not support the audio element.
Tamil (India),WaveNet,ta-IN,ta-IN-Wavenet-B,MALE,Your browser does not support the audio element.
Telugu (India),Standard,te-IN,te-IN-Standard-A,FEMALE,Your browser does not support the audio element.
Telugu (India),Standard,te-IN,te-IN-Standard-B,MALE,Your browser does not support the audio element.
Thai (Thailand),Standard,th-TH,th-TH-Standard-A,FEMALE,Your browser does not support the audio element.
Turkish (Turkey),Standard,tr-TR,tr-TR-Standard-A,FEMALE,Your browser does not support the audio element.
Turkish (Turkey),Standard,tr-TR,tr-TR-Standard-B,MALE,Your browser does not support the audio element.
Turkish (Turkey),Standard,tr-TR,tr-TR-Standard-C,FEMALE,Your browser does not support the audio element.
Turkish (Turkey),Standard,tr-TR,tr-TR-Standard-D,FEMALE,Your browser does not support the audio element.
Turkish (Turkey),Standard,tr-TR,tr-TR-Standard-E,MALE,Your browser does not support the audio element.
Turkish (Turkey),WaveNet,tr-TR,tr-TR-Wavenet-A,FEMALE,Your browser does not support the audio element.
Turkish (Turkey),WaveNet,tr-TR,tr-TR-Wavenet-B,MALE,Your browser does not support the audio element.
Turkish (Turkey),WaveNet,tr-TR,tr-TR-Wavenet-C,FEMALE,Your browser does not support the audio element.
Turkish (Turkey),WaveNet,tr-TR,tr-TR-Wavenet-D,FEMALE,Your browser does not support the audio element.
Turkish (Turkey),WaveNet,tr-TR,tr-TR-Wavenet-E,MALE,Your browser does not support the audio element.
Ukrainian (Ukraine),Standard,uk-UA,uk-UA-Standard-A,FEMALE,Your browser does not support the audio element.
Ukrainian (Ukraine),WaveNet,uk-UA,uk-UA-Wavenet-A,FEMALE,Your browser does not support the audio element.
Vietnamese (Vietnam),Standard,vi-VN,vi-VN-Standard-A,FEMALE,Your browser does not support the audio element.
Vietnamese (Vietnam),Standard,vi-VN,vi-VN-Standard-B,MALE,Your browser does not support the audio element.
Vietnamese (Vietnam),Standard,vi-VN,vi-VN-Standard-C,FEMALE,Your browser does not support the audio element.
Vietnamese (Vietnam),Standard,vi-VN,vi-VN-Standard-D,MALE,Your browser does not support the audio element.
Vietnamese (Vietnam),WaveNet,vi-VN,vi-VN-Wavenet-A,FEMALE,Your browser does not support the audio element.
Vietnamese (Vietnam),WaveNet,vi-VN,vi-VN-Wavenet-B,MALE,Your browser does not support the audio element.
Vietnamese (Vietnam),WaveNet,vi-VN,vi-VN-Wavenet-C,FEMALE,Your browser does not support the audio element.
Vietnamese (Vietnam),WaveNet,vi-VN,vi-VN-Wavenet-D,MALE,Your browser does not support the audio element.
